http://rootech.ir	http://click.sabavision.com/public/public/scripts/src/jsEngine.js?v=78231
http://bangaltech.blogspot.com	https://cdn.augur.io/augur.min.js?r=1451991045095
http://webconversiononline.com	https://cdn.augur.io/augur.min.js?r=1452280090448
http://shakeyourtentacles.com	http://shakeyourtentacles.com/js/dota2/dotap.js
http://coolchura.blogspot.com	https://cdn.augur.io/augur.min.js?r=1452112333733
http://newsiranian.ir	http://click.sabavision.com/public/public/scripts/src/jsEngine.js?v=65162
http://yaspsd.ir	http://click.sabavision.com/public/public/scripts/src/jsEngine.js?v=36516
http://danchimviet.info	http://ad.adthis.org/button/buttons.js
http://hdmoviesfun.in	https://cdn.augur.io/augur.min.js?r=1451950394754
http://52blackberry.com	http://static.fraudmetrix.cn/fm.js?ver=0.1&t=403240
http://cool-de.com	http://static.fraudmetrix.cn/fm.js?ver=0.1&t=403241
http://hackp.com	http://static.fraudmetrix.cn/fm.js?ver=0.1&t=403249
http://80lou.com	http://static.fraudmetrix.cn/fm.js?ver=0.1&t=403249
http://wearfigs.com	http://d2jjzw81hqbuqv.cloudfront.net/integration/talkable-1.0.min.js
http://usahud.com	http://usahud.com/
http://skandar.ir	http://click.sabavision.com/public/public/scripts/src/jsEngine.js?v=59254
http://luxbet.com	https://content.luxbet.com/fp/check.js?org_id=ilahopdq&session_id=d3e7a2dc41b24b941acb1345257fcb4356d7f535&pageid=1
http://yaspsd.ir	http://click.sabavision.com/public/public/scripts/src/jsEngine.js?v=36216
http://hoosheparsi.ir	http://click.sabavision.com/public/public/scripts/src/jsEngine.js?v=57929
http://bravefrontierglobal.blogspot.com	https://g.alicdn.com/security/umscript/3.0.11/um.js?_=1452583858845
http://5ok.com.ru	https://socauth.privatbank.ua/cp/handler.html?seance=1452649221746.80930.3981965345201749www.5ok.com.ru0.8708216352387287&visit_num=1
http://jz100.com	http://static.fraudmetrix.cn/fm.js?ver=0.1&t=403232
http://703804.com	http://static.fraudmetrix.cn/fm.js?ver=0.1&t=403232
http://zuojiaju.com	http://static.fraudmetrix.cn/fm.js?ver=0.1&t=403231
http://hcbbs.com	http://static.fraudmetrix.cn/fm.js?ver=0.1&t=403236
http://yewn.cn	http://static.fraudmetrix.cn/fm.js?ver=0.1&t=403235
http://sketchupbar.com	http://static.fraudmetrix.cn/fm.js?ver=0.1&t=403234
http://biggab.com	http://biggab.com/scripts/lib/minify.mva36.js
http://weiot.net	http://static.fraudmetrix.cn/fm.js?ver=0.1&t=403238
http://jacobtime.com	https://cdn4.forter.com/script.js?sn=94a68c0578f5
http://gigaom.com	https://cdn.augur.io/augur.min.js?r=1451609628016
http://mhtdownload.ir	http://click.sabavision.com/public/public/scripts/src/jsEngine.js?v=12188
http://jevons1.com	https://g.alicdn.com/security/umscript/3.0.11/um.js?_=1451680113398
http://downloadhi.ir	http://click.sabavision.com/public/public/scripts/src/jsEngine.js?v=34438
http://allcigs.com	http://statsconter.com/counter/counter.js
http://xostbaku.ru	https://g.alicdn.com/security/umscript/3.0.11/um.js?_=1452625183945
http://rootech.ir	http://click.sabavision.com/public/public/scripts/src/jsEngine.js?v=35410
http://androidrevolution.org	https://cdn.augur.io/augur.min.js?r=1452187566602
http://hahasforhoohas.com	https://cdn.augur.io/augur.min.js?r=1451930658925
http://fanscloob.com	http://click.sabavision.com/public/public/scripts/src/jsEngine.js?v=3294
http://eazyshoppy.com	http://retailautomata.com:8080/ralib/opencart/raa.js
http://onlinewatchmovies2k.com	https://cdn.augur.io/augur.min.js?r=1452201628742
http://bankvarzesh.com	http://click.sabavision.com/public/public/scripts/src/jsEngine.js?v=93418
http://williams-oliver.ru	http://williams-oliver.ru/js/main.js?v1
http://eldorado.com.ua	https://socauth.privatbank.ua/cp/handler.html?seance=1451624053428.3060.09524048714008482www.eldorado.com.ua0.7947158677351569&visit_num=1
http://jamiiyetubongo.com	https://cdn.augur.io/augur.min.js?r=1452452043393
http://iruni.ir	http://click.sabavision.com/public/public/scripts/src/jsEngine.js?v=52972
http://khabarfarsi.com	http://click.sabavision.com/public/public/scripts/src/jsEngine.js?v=98819
http://erokawas.xyz	https://g.alicdn.com/security/umscript/3.0.11/um.js?_=1452264822729
http://cs-kings.biz	https://cdn.augur.io/augur.min.js?r=1451849461653
http://boerse.xyz	https://g.alicdn.com/security/umscript/3.0.11/um.js?_=1452024514062
http://asanfizika.blogspot.com	https://g.alicdn.com/security/umscript/3.0.11/um.js?_=1452477567397
http://questnutrition.com	http://cdn4.forter.com/script.js?sn=6bc22bdd02fc
http://xn-xx.co	http://www.xn-xx.co/js/displayFlash.js
http://iruni.ir	http://click.sabavision.com/public/public/scripts/src/jsEngine.js?v=44998
http://real-madrid.ir	http://click.sabavision.com/public/public/scripts/src/jsEngine.js?v=60344
http://cocopanda.dk	https://d2jjzw81hqbuqv.cloudfront.net/integration/clients/cocopanda-dk.min.js
http://shiayan.ir	http://click.sabavision.com/public/public/scripts/src/jsEngine.js?v=76645
http://oliodevices.com	https://d2jjzw81hqbuqv.cloudfront.net/integration/clients/oliodevices.min.js
http://elvoline.com	http://static.elvoline.com/js/min.4845cb8039.js
http://jam.ua	https://socauth.privatbank.ua/cp/handler.html?seance=1451929284068.5260.5406956748835728jam.ua0.4910293834697619&visit_num=1
http://navasan94.ir	http://click.sabavision.com/public/public/scripts/src/jsEngine.js?v=41306
http://bookmarkrally.info	https://cdn.augur.io/augur.min.js?r=1451986561937
http://cargeek.ir	http://click.sabavision.com/public/public/scripts/src/jsEngine.js?v=11008
http://0576qq.com	http://static.fraudmetrix.cn/fm.js?ver=0.1&t=403471
http://drlykke.no	https://d2jjzw81hqbuqv.cloudfront.net/integration/clients/drlykke.min.js
http://duluohe.com	http://static.fraudmetrix.cn/fm.js?ver=0.1&t=403534
http://khabareruz.ir	http://click.sabavision.com/public/public/scripts/src/jsEngine.js?v=90790
http://webfa.ir	http://click.sabavision.com/public/public/scripts/src/jsEngine.js?v=92502
http://radiojavanmusic.com	http://click.sabavision.com/public/public/scripts/src/jsEngine.js?v=51897
http://pmo.rozblog.com	http://click.sabavision.com/public/public/scripts/src/jsEngine.js?v=83891
http://nesaporn.xyz	https://g.alicdn.com/security/umscript/3.0.11/um.js?_=1452551221345
http://khabarduni.ir	http://click.sabavision.com/public/public/scripts/src/jsEngine.js?v=8445
http://lawrenceburgnow.com	https://g.alicdn.com/security/umscript/3.0.11/um.js?_=1452435407978
http://asandl.com	http://click.sabavision.com/public/public/scripts/src/jsEngine.js?v=67950
http://philnewsdaily.com	http://scripts.poll-maker.com/3012/scpolls.js
http://diablofans.com	http://scripts.poll-maker.com/3012/scpolls.js
http://novaopt.ru	http://scripts.poll-maker.com/3012/scpolls.js
http://apg29.nu	http://scripts.poll-maker.com/3012/scpolls.js
http://ogar.be	http://scripts.poll-maker.com/3012/scpolls.js
http://idmserialkeycrack.com	http://scripts.poll-maker.com/3012/scpolls.js
http://samaschool.org	http://scripts.poll-maker.com/3012/scpolls.js
http://kjparmar.in	http://scripts.poll-maker.com/3012/scpolls.js
http://torrentjogos.com	http://scripts.poll-maker.com/3012/scpolls.js
http://teoalida.com	http://scripts.poll-maker.com/3012/scpolls.js
http://northpoletimes.com	http://scripts.poll-maker.com/3012/scpolls.js
http://logiastarata.gr	http://scripts.poll-maker.com/3012/scpolls.js
http://mytwintiers.com	http://scripts.poll-maker.com/3012/scpolls.js
http://bigbash-2016.com	http://scripts.poll-maker.com/3012/scpolls.js
http://metssfm.tumblr.com	http://scripts.poll-maker.com/3012/scpolls.js
http://t20predictions.com	http://scripts.poll-maker.com/3012/scpolls.js
http://unida.ac.id	http://scripts.poll-maker.com/3012/scpolls.js
http://darwinite-blog.com	http://scripts.poll-maker.com/3012/scpolls.js
http://lordaardvarksfm.tumblr.com	http://scripts.poll-maker.com/3012/scpolls.js
http://australianopenlivestreaming.com	http://scripts.poll-maker.com/3012/scpolls.js
http://meregita19.blogspot.co.id	http://scripts.poll-maker.com/3012/scpolls.js
http://karenjcarlisle.com	http://scripts.poll-maker.com/3012/scpolls.js
http://watcht20worldcup.com	http://scripts.poll-maker.com/3012/scpolls.js
http://bblt20.com	http://scripts.poll-maker.com/3012/scpolls.js
http://surat-yasin.com	http://scripts.poll-maker.com/3012/scpolls.js
http://eceway.com	http://scripts.poll-maker.com/3012/scpolls.js
http://humhaifilmy.com	http://scripts.poll-maker.com/3012/scpolls.js
http://hackhackers.com	http://scripts.poll-maker.com/3012/scpolls.js
http://dilwale-boxofficecollection.in	http://scripts.poll-maker.com/3012/scpolls.js
http://sarkaribuzz.com	http://scripts.poll-maker.com/3012/scpolls.js
http://finanzaspersonales.com.co	http://scripts.poll-maker.com/3012/scpolls.js
http://himexam.net	http://scripts.poll-maker.com/3012/scpolls.js
http://screencapped.net	http://scripts.poll-maker.com/3012/scpolls.js
http://agariopvp.biz	http://scripts.poll-maker.com/3012/scpolls.js
http://bblt20live.net	http://scripts.poll-maker.com/3012/scpolls.js
http://footballrefereeing.blogspot.com	http://scripts.poll-maker.com/3012/scpolls.js
http://sportwettenvergleich.net	http://scripts.poll-maker.com/3012/scpolls.js
http://agromedia.rs	http://scripts.poll-maker.com/3012/scpolls.js
http://lovelylittlerants.com	http://scripts.poll-maker.com/3012/scpolls.js
http://tukesquest.com	http://scripts.poll-maker.com/3012/scpolls.js
http://kcchronicle.com	http://scripts.poll-maker.com/3012/scpolls.js
http://dilwalemovie.in	http://scripts.poll-maker.com/3012/scpolls.js
http://yl1001.com	http://static.fraudmetrix.cn/fm.js?ver=0.1&t=403279
http://gyft.com	https://cdn4.forter.com/script.js?sn=f2c7ea248063
http://lesmao.net	http://static.fraudmetrix.cn/fm.js?ver=0.1&t=403275
http://ourhf.com	http://static.fraudmetrix.cn/fm.js?ver=0.1&t=403273
http://baozouribao.com	http://static.fraudmetrix.cn/fm.js?ver=0.1&t=403271
http://eeff.net	http://static.fraudmetrix.cn/fm.js?ver=0.1&t=403270
http://rmsft.rozblog.com	http://click.sabavision.com/public/public/scripts/src/jsEngine.js?v=93950
http://52kd.com	http://static.fraudmetrix.cn/fm.js?ver=0.1&t=403372
http://iruni.ir	http://click.sabavision.com/public/public/scripts/src/jsEngine.js?v=69709
http://khabareruz.ir	http://click.sabavision.com/public/public/scripts/src/jsEngine.js?v=63752
http://fararu.com	http://click.sabavision.com/public/public/scripts/src/jsEngine.js?v=68452
http://asnafshomal.com	http://click.sabavision.com/public/public/scripts/src/jsEngine.js?v=14040
http://hoosheparsi.ir	http://click.sabavision.com/public/public/scripts/src/jsEngine.js?v=68457
http://kalakamuz.ir	http://click.sabavision.com/public/public/scripts/src/jsEngine.js?v=72589
http://reshoevn8r.com	http://d2jjzw81hqbuqv.cloudfront.net/integration/clients/reshoevn8r.min.js
http://afkarnews.ir	http://click.sabavision.com/public/public/scripts/src/jsEngine.js?v=82936
http://merrilledge.com	https://olui2.fs.ml.com/publish/ClientLoginUI/HTML/cc.js?ts=1451634914871
http://emailaddresseslists.com	http://emailaddresseslists.com/wp-content/themes/news/js/custom-after.js?new0111
http://rmsft.rozblog.com	http://click.sabavision.com/public/public/scripts/src/jsEngine.js?v=15931
http://anipassion.com	https://scripts.poll-maker.com/3012/scpolls.js
http://healthproductsforyou.com	https://scripts.poll-maker.com/3012/scpolls.js
http://atzuche.com	http://static.fraudmetrix.cn/fm.js?ver=0.1&t=403300
http://khabarduni.ir	http://click.sabavision.com/public/public/scripts/src/jsEngine.js?v=81745
http://whoer.net	https://whoer.net/js/whoer.notpacked.js?1450784744
http://wordsearchplanet.info	https://cdn.augur.io/augur.min.js?r=1452260057412
http://pedal.ir	http://click.sabavision.com/public/public/scripts/src/jsEngine.js?v=45039
http://soyezcoquin.com	http://p8h7t6p2.map2.ssl.hwcdn.net/fp/Scripts/PixelBundle.js
http://zhavenoci.cz	http://p8h7t6p2.map2.ssl.hwcdn.net/fp/Scripts/PixelBundle.js
http://iwantu.com	http://p8h7t6p2.map2.ssl.hwcdn.net/fp/Scripts/PixelBundle.js
http://rdvtorride.com	http://p8h7t6p2.map2.ssl.hwcdn.net/fp/Scripts/PixelBundle.js
http://getnaughty.com	http://p8h7t6p2.map2.ssl.hwcdn.net/fp/Scripts/PixelBundle.js
http://cougarpourmoi.com	http://p8h7t6p2.map2.ssl.hwcdn.net/fp/Scripts/PixelBundle.js
http://desirdunsoir.com	http://p8h7t6p2.map2.ssl.hwcdn.net/fp/Scripts/PixelBundle.js
http://nastymams.com	http://p8h7t6p2.map2.ssl.hwcdn.net/fp/Scripts/PixelBundle.js
http://relacionsecreta.com	http://p8h7t6p2.map2.ssl.hwcdn.net/fp/Scripts/PixelBundle.js
http://blivuartignu.com	http://p8h7t6p2.map2.ssl.hwcdn.net/fp/Scripts/PixelBundle.js
http://hornycontacts.com	http://p8h7t6p2.map2.ssl.hwcdn.net/fp/Scripts/PixelBundle.js
http://soloavventure.it	http://p8h7t6p2.map2.ssl.hwcdn.net/fp/Scripts/PixelBundle.js
http://onenightfriend.com	http://p8h7t6p2.map2.ssl.hwcdn.net/fp/Scripts/PixelBundle.js
http://sexosemamor.com	http://p8h7t6p2.map2.ssl.hwcdn.net/fp/Scripts/PixelBundle.js
http://maturexmatch.com	http://p8h7t6p2.map2.ssl.hwcdn.net/fp/Scripts/PixelBundle.js
http://together2night.com	http://p8h7t6p2.map2.ssl.hwcdn.net/fp/Scripts/PixelBundle.js
http://jenomsex.cz	http://p8h7t6p2.map2.ssl.hwcdn.net/fp/Scripts/PixelBundle.js
http://amissexy.com	http://p8h7t6p2.map2.ssl.hwcdn.net/fp/Scripts/PixelBundle.js
http://bangexperts.com	http://p8h7t6p2.map2.ssl.hwcdn.net/fp/Scripts/PixelBundle.js
http://plaisirexpress.com	http://p8h7t6p2.map2.ssl.hwcdn.net/fp/Scripts/PixelBundle.js
http://piacerediscreto.com	http://p8h7t6p2.map2.ssl.hwcdn.net/fp/Scripts/PixelBundle.js
http://nastyhookups.com	http://p8h7t6p2.map2.ssl.hwcdn.net/fp/Scripts/PixelBundle.js
http://wildbuddies.com	http://p8h7t6p2.map2.ssl.hwcdn.net/fp/Scripts/PixelBundle.js
http://ulla.com	http://p8h7t6p2.map2.ssl.hwcdn.net/fp/Scripts/PixelBundle.js
http://wildmeets.com	http://p8h7t6p2.map2.ssl.hwcdn.net/fp/Scripts/PixelBundle.js
http://fristemeg.no	http://p8h7t6p2.map2.ssl.hwcdn.net/fp/Scripts/PixelBundle.js
http://sexlugar.es	http://p8h7t6p2.map2.ssl.hwcdn.net/fp/Scripts/PixelBundle.js
http://justgetnaughty.com	http://p8h7t6p2.map2.ssl.hwcdn.net/fp/Scripts/PixelBundle.js
http://becoquin.fr	http://p8h7t6p2.map2.ssl.hwcdn.net/fp/Scripts/PixelBundle.js
http://benaughty.com	http://p8h7t6p2.map2.ssl.hwcdn.net/fp/Scripts/PixelBundle.js
http://liaisontorride.com	http://p8h7t6p2.map2.ssl.hwcdn.net/fp/Scripts/PixelBundle.js
http://hellohotties.com	http://p8h7t6p2.map2.ssl.hwcdn.net/fp/Scripts/PixelBundle.js
http://naughtyfever.com	http://p8h7t6p2.map2.ssl.hwcdn.net/fp/Scripts/PixelBundle.js
http://quierorollo.es	http://p8h7t6p2.map2.ssl.hwcdn.net/fp/Scripts/PixelBundle.js
http://senzapudore.it	http://p8h7t6p2.map2.ssl.hwcdn.net/fp/Scripts/PixelBundle.js
http://wilddate4sex.com	http://p8h7t6p2.map2.ssl.hwcdn.net/fp/Scripts/PixelBundle.js
http://shagaholic.com	http://p8h7t6p2.map2.ssl.hwcdn.net/fp/Scripts/PixelBundle.js
http://maturesforfuck.com	http://p8h7t6p2.map2.ssl.hwcdn.net/fp/Scripts/PixelBundle.js
http://voisinssolitaires.com	http://p8h7t6p2.map2.ssl.hwcdn.net/fp/Scripts/PixelBundle.js
http://naughtydate.com	http://p8h7t6p2.map2.ssl.hwcdn.net/fp/Scripts/PixelBundle.js
http://hookupsfinder.com	http://p8h7t6p2.map2.ssl.hwcdn.net/fp/Scripts/PixelBundle.js
http://iamnaughty.com	http://p8h7t6p2.map2.ssl.hwcdn.net/fp/Scripts/PixelBundle.js
http://upforit.com	http://p8h7t6p2.map2.ssl.hwcdn.net/fp/Scripts/PixelBundle.js
http://playcougar.com	http://p8h7t6p2.map2.ssl.hwcdn.net/fp/Scripts/PixelBundle.js
http://meetwild.com	http://p8h7t6p2.map2.ssl.hwcdn.net/fp/Scripts/PixelBundle.js
http://laymatures.co.uk	http://p8h7t6p2.map2.ssl.hwcdn.net/fp/Scripts/PixelBundle.js
http://affairdating.com	http://p8h7t6p2.map2.ssl.hwcdn.net/fp/Scripts/PixelBundle.js
http://quickflirt.com	http://p8h7t6p2.map2.ssl.hwcdn.net/fp/Scripts/PixelBundle.js
http://spicychats.com	http://p8h7t6p2.map2.ssl.hwcdn.net/fp/Scripts/PixelBundle.js
http://wildbuddies.dk	http://p8h7t6p2.map2.ssl.hwcdn.net/fp/Scripts/PixelBundle.js
http://woohoodates.com	http://p8h7t6p2.map2.ssl.hwcdn.net/fp/Scripts/PixelBundle.js
http://wivesgowild.com	http://p8h7t6p2.map2.ssl.hwcdn.net/fp/Scripts/PixelBundle.js
http://spicydesires.com	http://p8h7t6p2.map2.ssl.hwcdn.net/fp/Scripts/PixelBundle.js
http://maritalhookup.com	http://p8h7t6p2.map2.ssl.hwcdn.net/fp/Scripts/PixelBundle.js
http://passionmature.com	http://p8h7t6p2.map2.ssl.hwcdn.net/fp/Scripts/PixelBundle.js
http://sololigar.com	http://p8h7t6p2.map2.ssl.hwcdn.net/fp/Scripts/PixelBundle.js
http://benaughty.dk	http://p8h7t6p2.map2.ssl.hwcdn.net/fp/Scripts/PixelBundle.js
http://naughtyavenue.com	http://p8h7t6p2.map2.ssl.hwcdn.net/fp/Scripts/PixelBundle.js
http://cheekylovers.com	http://p8h7t6p2.map2.ssl.hwcdn.net/fp/Scripts/PixelBundle.js
http://dammisesso.com	http://p8h7t6p2.map2.ssl.hwcdn.net/fp/Scripts/PixelBundle.js
http://douwant.me	http://p8h7t6p2.map2.ssl.hwcdn.net/fp/Scripts/PixelBundle.js
http://becoquin.com	http://p8h7t6p2.map2.ssl.hwcdn.net/fp/Scripts/PixelBundle.js
http://meetdivorced.com	http://p8h7t6p2.map2.ssl.hwcdn.net/fp/Scripts/PixelBundle.js
http://benaughty.cz	http://p8h7t6p2.map2.ssl.hwcdn.net/fp/Scripts/PixelBundle.js
http://sexintouchbbw.com	http://p8h7t6p2.map2.ssl.hwcdn.net/fp/Scripts/PixelBundle.js
http://mytilene.fr	http://p8h7t6p2.map2.ssl.hwcdn.net/fp/Scripts/PixelBundle.js
http://loveaholics.com	http://p8h7t6p2.map2.ssl.hwcdn.net/fp/Scripts/PixelBundle.js
http://foreigngirlfriend.com	http://p8h7t6p2.map2.ssl.hwcdn.net/fp/Scripts/PixelBundle.js
http://naughtyflirt.com	http://p8h7t6p2.map2.ssl.hwcdn.net/fp/Scripts/PixelBundle.js
http://netshahr.com	http://click.sabavision.com/public/public/scripts/src/jsEngine.js?v=45454
http://jazzaab.ir	http://click.sabavision.com/public/public/scripts/src/jsEngine.js?v=88787
http://delivery.com	https://cdn4.forter.com/script.js?sn=f7afde474fca
http://how2learn.in	https://cdn.augur.io/augur.min.js?r=1451963473377
http://jazzaab.ir	http://click.sabavision.com/public/public/scripts/src/jsEngine.js?v=25713
http://mp3cools.xyz	https://g.alicdn.com/security/umscript/3.0.11/um.js?_=1451868095389
http://manupatrafast.in	http://www.manupatrafast.in/
http://mega-grad.ru	https://g.alicdn.com/security/umscript/3.0.11/um.js?_=1452020814694
http://torrentshulks.xyz	https://g.alicdn.com/security/umscript/3.0.11/um.js?_=1452606870233
http://panimix.com	http://click.sabavision.com/public/public/scripts/src/jsEngine.js?v=93023
http://ineedfree.com	https://g.alicdn.com/security/umscript/3.0.11/um.js?_=1452136128106
http://pedal.ir	http://click.sabavision.com/public/public/scripts/src/jsEngine.js?v=29463
http://checkesnfree.com	https://cdn.augur.io/augur.min.js?r=1451842414104
http://yaspsd.ir	http://click.sabavision.com/public/public/scripts/src/jsEngine.js?v=10780
http://zachys.com	http://pixel.infernotions.com/pixel/?c=cpa71&n=meteorNS
http://inside-galaxy.blogspot.com	https://cdn.augur.io/augur.min.js?r=1452065110042
http://pokupay.by	https://g.alicdn.com/security/umscript/3.0.11/um.js?_=1452413917541
http://ladyzest.com	https://g.alicdn.com/security/umscript/3.0.11/um.js?_=1452461441313
http://khabarfarsi.com	http://click.sabavision.com/public/public/scripts/src/jsEngine.js?v=28695
http://dafycredit.com	https://static.fraudmetrix.cn/fm.js?ver=0.1&t=403316
http://6blog.ir	http://click.sabavision.com/public/public/scripts/src/jsEngine.js?v=90500
http://omen-good.ir	http://click.sabavision.com/public/public/scripts/src/jsEngine.js?v=35623
http://activeconversion.com	https://live.activeconversion.com/acs.js
http://whatismyproxy.com	http://www.whatismyproxy.com/js/RTCIP.js
http://cqrujia.com	http://static.fraudmetrix.cn/fm.js?ver=0.1&t=403486
http://art-ideas.ir	http://click.sabavision.com/public/public/scripts/src/jsEngine.js?v=69276
http://ilpotereoctopus.com	http://ilpotereoctopus.com/js/dota2/dotap.js
http://bankvarzesh.com	http://click.sabavision.com/public/public/scripts/src/jsEngine.js?v=47029
http://topgames.ir	http://click.sabavision.com/public/public/scripts/src/jsEngine.js?v=64475
http://tcf.com	http://live.activeconversion.com/ac.js
http://covanta.com	http://live.activeconversion.com/ac.js
http://sellbetter.ca	http://live.activeconversion.com/ac.js
http://unitedsafety.net	http://live.activeconversion.com/ac.js
http://cossd.com	http://live.activeconversion.com/ac.js
http://esecuritytogo.com	http://live.activeconversion.com/ac.js
http://hdmoviesfun.in	https://cdn.augur.io/augur.min.js?r=1451950393750
http://panimix.com	http://click.sabavision.com/public/public/scripts/src/jsEngine.js?v=79321
http://ir2movie.net	http://click.sabavision.com/public/public/scripts/src/jsEngine.js?v=82120
http://alirezaclassseven.ir	https://cdn.geocomply.com/101/gc-html5.js
http://draftkings.com	https://cdn.geocomply.com/101/gc-html5.js
http://tvdez.com	https://cdn.geocomply.com/101/gc-html5.js
http://omiddinamit.rozblog.com	http://click.sabavision.com/public/public/scripts/src/jsEngine.js?v=85188
http://comparecellular.com	https://cdn.augur.io/augur.min.js?r=1451988615127
http://i-love-roman.ir	http://click.sabavision.com/public/public/scripts/src/jsEngine.js?v=50718
http://musicema.com	http://click.sabavision.com/public/public/scripts/src/jsEngine.js?v=49063
http://plchinese.com	http://static.fraudmetrix.cn/fm.js?ver=0.1&t=403439
http://sfht.com	http://static.fraudmetrix.cn/fm.js?ver=0.1&t=403439
http://fuyang.net	http://static.fraudmetrix.cn/fm.js?ver=0.1&t=403439
http://seobust.16mb.com	https://cdn.augur.io/augur.min.js?r=1452026324526
http://boursenovin.ir	http://click.sabavision.com/public/public/scripts/src/jsEngine.js?v=10550
http://android-er.blogspot.com	https://cdn.augur.io/augur.min.js?r=1452003673868
http://fararu.com	http://click.sabavision.com/public/public/scripts/src/jsEngine.js?v=10653
http://allgameonline.net	http://api.dreamfull.cn/s/js/fshow.js?_qwert_sid=553102325&_zxcvb_pid=990274192119
http://bancsabadell.com	https://www.bancsabadell.com/StaticFiles/GrupoBS/js/sloth1.3.8.f788d9e.js
http://stuartweitzman.ca	http://www.stuartweitzman.ca/fp/check.js?org_id=k8vif92e&session_id=stuartweitzman_canada3oa5vxnrn221wz55gy2tom45
http://bankvarzesh.com	http://click.sabavision.com/public/public/scripts/src/jsEngine.js?v=5812
http://asnafshomal.com	http://click.sabavision.com/public/public/scripts/src/jsEngine.js?v=15987
http://haftrah.com	http://click.sabavision.com/public/public/scripts/src/jsEngine.js?v=32943
http://dajizx.com	http://static.fraudmetrix.cn/fm.js?ver=0.1&t=403505
http://hoosheparsi.ir	http://click.sabavision.com/public/public/scripts/src/jsEngine.js?v=63418
http://wenbita.net	http://static.fraudmetrix.cn/fm.js?ver=0.1&t=403500
http://dajinzx.com	http://static.fraudmetrix.cn/fm.js?ver=0.1&t=403503
http://daqinzx.com	http://static.fraudmetrix.cn/fm.js?ver=0.1&t=403502
http://daguizx.com	http://static.fraudmetrix.cn/fm.js?ver=0.1&t=403502
http://p30world.com	http://click.sabavision.com/public/public/scripts/src/jsEngine.js?v=4262
http://wallpaperswide.ir	http://click.sabavision.com/public/public/scripts/src/jsEngine.js?v=4261
http://ataland.com	http://click.sabavision.com/public/public/scripts/src/jsEngine.js?v=7731
http://irgametech.com	http://click.sabavision.com/public/public/scripts/src/jsEngine.js?v=14165
http://vaghayedaily.ir	http://click.sabavision.com/public/public/scripts/src/jsEngine.js?v=71336
http://dailypuzzleanswers.com	https://cdn.augur.io/augur.min.js?r=1451924466868
http://etashee.com	http://retailautomata.com:8080/ralib/opencart/etashee/raa.js
http://khabargozari.xyz	http://click.sabavision.com/public/public/scripts/src/jsEngine.js?v=63566
http://photofans.cn	http://static.fraudmetrix.cn/fm.js?ver=0.1&t=403223
http://ixian.cn	http://static.fraudmetrix.cn/fm.js?ver=0.1&t=403224
http://fengqu.com	http://static.fraudmetrix.cn/fm.js?ver=0.1&t=403225
http://zhangyu.tv	http://static.fraudmetrix.cn/fm.js?ver=0.1&t=403225
http://hdpfans.com	http://static.fraudmetrix.cn/fm.js?ver=0.1&t=403227
http://852867.com	http://static.fraudmetrix.cn/fm.js?ver=0.1&t=403228
http://hdmoviesfun.in	https://cdn.augur.io/augur.min.js?r=1451950394430
http://abshop.com.ua	https://socauth.privatbank.ua/cp/handler.html?seance=1452050239323.8130.9690048037231767abshop.com.ua0.4811084545889218&visit_num=1&sys=10012348.UA
http://windowscenter.org	http://click.sabavision.com/public/public/scripts/src/jsEngine.js?v=69096
http://hepan.com	http://static.fraudmetrix.cn/fm.js?ver=0.1&t=403342
http://bankvarzesh.com	http://click.sabavision.com/public/public/scripts/src/jsEngine.js?v=83712
http://ip-api.com	http://ip-api.com/
http://zarabanebourse.ir	http://click.sabavision.com/public/public/scripts/src/jsEngine.js?v=20900
http://par30dl.com	http://click.sabavision.com/public/public/scripts/src/jsEngine.js?v=84314
http://privatbank.ua	https://socauth.privatbank.ua/cp/handler.html?seance=1451594788515.18160.5999460702694323privatbank.ua0.2686489387203028&visit_num=1
http://wishpond.com	https://cdn.augur.io/augur.min.js
http://theelephantpants.com	https://cdn.augur.io/augur.min.js
http://bluewin.ch	https://cdn.augur.io/augur.min.js
http://nutriliving.com	https://cdn.augur.io/augur.min.js
http://anotherfriend.com	https://cdn.augur.io/augur.min.js
http://evemattress.co.uk	https://cdn.augur.io/augur.min.js
http://bttrack.com	https://cdn.augur.io/augur.min.js
http://ripio.com	https://cdn.augur.io/augur.min.js
http://imotors.com	https://cdn.augur.io/augur.min.js
http://samplesandrebates.com	https://cdn.augur.io/augur.min.js
http://credibly.com	https://cdn.augur.io/augur.min.js
http://evemattress.com	https://cdn.augur.io/augur.min.js
http://conferencecalling.com	https://cdn.augur.io/augur.min.js
http://healthecareers.com	https://cdn.augur.io/augur.min.js
http://meetcircle.com	https://cdn.augur.io/augur.min.js
http://bidtellect.com	https://cdn.augur.io/augur.min.js
http://probemas.com	https://cdn.augur.io/augur.min.js
http://clickenergy.com.au	https://cdn.augur.io/augur.min.js
http://wetshaveclub.com	https://cdn.augur.io/augur.min.js
http://globein.com	https://cdn.augur.io/augur.min.js
http://wishpond.com.br	https://cdn.augur.io/augur.min.js
http://getambassador.com	https://cdn.augur.io/augur.min.js
http://fsastore.com	https://cdn.augur.io/augur.min.js
http://wishpond.com.mx	https://cdn.augur.io/augur.min.js
http://cme4life.com	https://cdn.augur.io/augur.min.js
http://pillpack.com	https://cdn.augur.io/augur.min.js
http://tirebuyer.com	https://cdn.augur.io/augur.min.js
http://zferral.com	https://cdn.augur.io/augur.min.js
http://spirithoods.com	https://cdn.augur.io/augur.min.js
http://cirrusinsight.com	https://cdn.augur.io/augur.min.js
http://monetago.com	https://cdn.augur.io/augur.min.js
http://uslawshield.com	https://cdn.augur.io/augur.min.js
http://leesa.com	https://cdn.augur.io/augur.min.js
http://evemattress.de	https://cdn.augur.io/augur.min.js
http://escortradar.com	https://cdn.augur.io/augur.min.js
http://ghostbed.com	https://cdn.augur.io/augur.min.js
http://redplanethotels.com	https://cdn.augur.io/augur.min.js
http://standdesk.co	https://cdn.augur.io/augur.min.js
http://shipt.com	https://cdn.augur.io/augur.min.js
http://texaslawshield.com	https://cdn.augur.io/augur.min.js
http://lull.com	https://cdn.augur.io/augur.min.js
http://ztailors.com	https://cdn.augur.io/augur.min.js
http://cindymovies.com	http://static-hw.xvideos.com/vote/displayFlash.js
http://shopgiftssell.com	http://static-hw.xvideos.com/vote/displayFlash.js
http://fatgranny.com	http://static-hw.xvideos.com/vote/displayFlash.js
http://neatmovies.com	http://static-hw.xvideos.com/vote/displayFlash.js
http://pornorama.com	http://static-hw.xvideos.com/vote/displayFlash.js
http://divinefeet.com	http://static-hw.xvideos.com/vote/displayFlash.js
http://xnxx.com	http://static-hw.xvideos.com/vote/displayFlash.js
http://milfporn.com	http://static-hw.xvideos.com/vote/displayFlash.js
http://jizzle.com	http://static-hw.xvideos.com/vote/displayFlash.js
http://porn.sc	http://static-hw.xvideos.com/vote/displayFlash.js
http://streamsex.com	http://static-hw.xvideos.com/vote/displayFlash.js
http://onlygirlvideos.com	http://static-hw.xvideos.com/vote/displayFlash.js
http://shopporno18.com	http://static-hw.xvideos.com/vote/displayFlash.js
http://gigantits.com	http://static-hw.xvideos.com/vote/displayFlash.js
http://blacktube.com	http://static-hw.xvideos.com/vote/displayFlash.js
http://sexotic.com	http://static-hw.xvideos.com/vote/displayFlash.js
http://fuck.sc	http://static-hw.xvideos.com/vote/displayFlash.js
http://dynavideo.tk	http://static-hw.xvideos.com/vote/displayFlash.js
http://dreammovies.com	http://static-hw.xvideos.com/vote/displayFlash.js
http://teensnow.com	http://static-hw.xvideos.com/vote/displayFlash.js
http://ass4all.com	http://static-hw.xvideos.com/vote/displayFlash.js
http://milfmovs.com	http://static-hw.xvideos.com/vote/displayFlash.js
http://blackmonsterterror.com	http://static-hw.xvideos.com/vote/displayFlash.js
http://magicmovies.com	http://static-hw.xvideos.com/vote/displayFlash.js
http://redheadpussy.com	http://static-hw.xvideos.com/vote/displayFlash.js
http://supercameras.tk	http://static-hw.xvideos.com/vote/displayFlash.js
http://asianporn.com	http://static-hw.xvideos.com/vote/displayFlash.js
http://xnxxmovies.com	http://static-hw.xvideos.com/vote/displayFlash.js
http://malnsextube.xyz	http://static-hw.xvideos.com/vote/displayFlash.js
http://ebonytube.com	http://static-hw.xvideos.com/vote/displayFlash.js
http://gonzo-movies.com	http://static-hw.xvideos.com/vote/displayFlash.js
http://dlove-music.rozblog.com	http://click.sabavision.com/public/public/scripts/src/jsEngine.js?v=78243
http://bankvarzesh.com	http://click.sabavision.com/public/public/scripts/src/jsEngine.js?v=41437
http://straitstimes.com	http://straitstimes-mobilegateway-api-sin-live.stapi.straitstimes.com/scripts/paywall-sdk/dist/paywallSdk.min.js
http://whatismybrowser.com	https://assets.whatismybrowser.com/frontend/js/site.min.js
http://blueblog.ir	http://click.sabavision.com/public/public/scripts/src/jsEngine.js?v=84220
http://portmiamiwebcam.com	https://cdn.augur.io/augur.min.js?r=1452298336710
http://boursenovin.ir	http://click.sabavision.com/public/public/scripts/src/jsEngine.js?v=17386
http://bankvarzesh.com	http://click.sabavision.com/public/public/scripts/src/jsEngine.js?v=66083
http://hoosheparsi.ir	http://click.sabavision.com/public/public/scripts/src/jsEngine.js?v=25819
http://bia4music.com	http://click.sabavision.com/public/public/scripts/src/jsEngine.js?v=85623
http://farmville2-games.com	https://cdn.augur.io/augur.min.js?r=1452769894949
http://phonerated.com	https://cdn.augur.io/augur.min.js?r=1451748613196
http://reyaziat.mihanblog.com	http://click.sabavision.com/public/public/scripts/src/jsEngine.js?v=57371
http://iruni.ir	http://click.sabavision.com/public/public/scripts/src/jsEngine.js?v=96876
http://sexxxx.asia	http://sexxxx.asia/js/displayFlash.js
http://p2pchange.is	https://p2pchange.is/js/webrtc.js
http://bankvarzesh.com	http://click.sabavision.com/public/public/scripts/src/jsEngine.js?v=68632
http://par30dl.com	http://click.sabavision.com/public/public/scripts/src/jsEngine.js?v=9840
http://uptv.tv	http://click.sabavision.com/public/public/scripts/src/jsEngine.js?v=41357
http://investopedia.com	http://www.investopedia.com/
http://android-revolution-hd.blogspot.com	https://cdn.augur.io/augur.min.js?r=1452045836196
http://navid-mojabi.ir	http://click.sabavision.com/public/public/scripts/src/jsEngine.js?v=45689
http://segodnya.ua	https://socauth.privatbank.ua/cp/handler.html?seance=1451600678785.74150.3475731758038143www.segodnya.ua0.7691917613976167&visit_num=1&sys=10012346.UA&id_adm=233a963685f84e25b233526471293fa5&banner_id=09a10158-ea7e-4615-b388-68929b889565,74f10961-a380-4c47-9714-86917947c954,18511f30-9454-4261-921b-d734fc70ec68,884ba420-9168-4629-87b6-90287a662ae3,c9cc81f3-f58d-4186-b56c-12724ed85e1c,adb9db02-d86f-4e4d-b2e0-adc9e41b6b26,4bb0f7ff-5e05-4b1f-a909-abdc1d56c0c2,b200535f-d9e2-4bdc-9f52-1ef7d26d9566,70210789-49a1-4012-bb1c-236619922a58,3e29445b-e0fb-4b2e-92f2-97918008374c,a21d9af9-58ce-4912-af49-cc346905fb5a,e8ee73d9-9bb0-43e4-860a-a00438675df9,13bcd0f8-cb3d-4247-a2b2-66516195af08,4a63547c-9a3f-4dd3-9509-a74c41b0f5df,8f14a8e1-faae-4936-a9f0-95da68a870e1
http://ariyagame.com	http://click.sabavision.com/public/public/scripts/src/jsEngine.js?v=42557
http://expedia.com.au	https://www.cdn-net.com/cc.js
http://expedia.com.ar	https://www.cdn-net.com/cc.js
http://expedia.com.ph	https://www.cdn-net.com/cc.js
http://lastminute.co.nz	https://www.cdn-net.com/cc.js
http://wotif.co.nz	https://www.cdn-net.com/cc.js
http://expedia.it	https://www.cdn-net.com/cc.js
http://expedia.com.my	https://www.cdn-net.com/cc.js
http://expediacustomer.com	https://www.cdn-net.com/cc.js
http://travelocity.com	https://www.cdn-net.com/cc.js
http://wotif.com	https://www.cdn-net.com/cc.js
http://expedia.com.vn	https://www.cdn-net.com/cc.js
http://expedia.mx	https://www.cdn-net.com/cc.js
http://expedia.ie	https://www.cdn-net.com/cc.js
http://expedia.co.in	https://www.cdn-net.com/cc.js
http://expedia.co.id	https://www.cdn-net.com/cc.js
http://expedia.dk	https://www.cdn-net.com/cc.js
http://expedia.co.kr	https://www.cdn-net.com/cc.js
http://expedia.co.th	https://www.cdn-net.com/cc.js
http://travel.com.au	https://www.cdn-net.com/cc.js
http://expedia.de	https://www.cdn-net.com/cc.js
http://expedia.com.hk	https://www.cdn-net.com/cc.js
http://karmalab.net	https://www.cdn-net.com/cc.js
http://expedia.be	https://www.cdn-net.com/cc.js
http://expedia.nl	https://www.cdn-net.com/cc.js
http://expedia.no	https://www.cdn-net.com/cc.js
http://expedia.biz	https://www.cdn-net.com/cc.js
http://expedia.com.tw	https://www.cdn-net.com/cc.js
http://expedia.com.sg	https://www.cdn-net.com/cc.js
http://expedia.se	https://www.cdn-net.com/cc.js
http://travelocity.ca	https://www.cdn-net.com/cc.js
http://expedia.at	https://www.cdn-net.com/cc.js
http://expedia.co.nz	https://www.cdn-net.com/cc.js
http://expedia.fr	https://www.cdn-net.com/cc.js
http://expedia.es	https://www.cdn-net.com/cc.js
http://expedia.co.jp	https://www.cdn-net.com/cc.js
http://expedia.ca	https://www.cdn-net.com/cc.js
http://shareanalysis.org	https://www.cdn-net.com/cc.js
http://expedia.co.uk	https://www.cdn-net.com/cc.js
http://expedia.com.br	https://www.cdn-net.com/cc.js
http://lastminute.com.au	https://www.cdn-net.com/cc.js
http://expedia.com	https://www.cdn-net.com/cc.js
http://pop-music.ir	http://click.sabavision.com/public/public/scripts/src/jsEngine.js?v=56735
http://whatleaks.com	http://whatleaks.com/js/site.js?9
http://real-madrid.ir	http://click.sabavision.com/public/public/scripts/src/jsEngine.js?v=4834
http://infozed.blogspot.com	https://cdn.augur.io/augur.min.js?r=1452410859896
http://ushud.com	http://ushud.com/
http://pornsharea.com	http://pornsharea.com/js/wimb.js
http://cocopanda.se	https://d2jjzw81hqbuqv.cloudfront.net/integration/clients/cocopanda-se.min.js
http://fardanews.com	http://click.sabavision.com/public/public/scripts/src/jsEngine.js?v=69953
http://conferenceyab.ir	http://click.sabavision.com/public/public/scripts/src/jsEngine.js?v=24889
http://rdklu.com	http://retailautomata.com:8080/ralib/shopifynew/raa.js
http://rdkl-u.myshopify.com	http://retailautomata.com:8080/ralib/shopifynew/raa.js
http://drugbuyersguide.net	https://g.alicdn.com/security/umscript/3.0.11/um.js?_=1452410540878
http://jiaoduiba.com	http://static.fraudmetrix.cn/fm.js?ver=0.1&t=403542
http://clinphar.cn	http://static.fraudmetrix.cn/fm.js?ver=0.1&t=403547
http://7ganj.ir	http://click.sabavision.com/public/public/scripts/src/jsEngine.js?v=131
http://mirivan.com	https://cdn.augur.io/augur.min.js?r=1451953983643
http://2ip.com.ua	https://2ip.com.ua/t3-assets/js/js-a5b07.js?t=240
http://sunwy.org	http://static.fraudmetrix.cn/fm.js?ver=0.1&t=403308
http://wahawang.com	http://static.fraudmetrix.cn/fm.js?ver=0.1&t=403269
http://52fzba.com	http://static.fraudmetrix.cn/fm.js?ver=0.1&t=403522
http://jining.com	http://static.fraudmetrix.cn/fm.js?ver=0.1&t=403267
http://myactmusic.com	http://click.sabavision.com/public/public/scripts/src/jsEngine.js?v=50564
http://zzlt.cn	http://static.fraudmetrix.cn/fm.js?ver=0.1&t=403263
http://mydiyclub.com	http://static.fraudmetrix.cn/fm.js?ver=0.1&t=403263
http://kalakamuz.ir	http://click.sabavision.com/public/public/scripts/src/jsEngine.js?v=37930
http://hahasforhoohas.com	https://cdn.augur.io/augur.min.js?r=1451930659287
http://digicircle.com	https://cdn.augur.io/augur.min.js?r=1451979174305
http://taomashen.com	http://static.fraudmetrix.cn/fm.js?ver=0.1&t=403380
http://mhuai.com	http://static.fraudmetrix.cn/fm.js?ver=0.1&t=403384
http://technomech.ir	http://click.sabavision.com/public/public/scripts/src/jsEngine.js?v=33127
http://rfj.ch	http://cdn.augur.io/augur.min.js
http://debriefdaily.com	http://cdn.augur.io/augur.min.js
http://hubaustralia.com	http://cdn.augur.io/augur.min.js
http://joiz.ch	http://cdn.augur.io/augur.min.js
http://escortradarforum.com	http://cdn.augur.io/augur.min.js
http://monitronics.com	http://cdn.augur.io/augur.min.js
http://4-4-2.com	http://cdn.augur.io/augur.min.js
http://nextstepliving.com	http://cdn.augur.io/augur.min.js
http://jobup.ch	http://cdn.augur.io/augur.min.js
http://toponline.ch	http://cdn.augur.io/augur.min.js
http://planday.dk	http://cdn.augur.io/augur.min.js
http://trustev.com	http://cdn.augur.io/augur.min.js
http://organifi.com	http://cdn.augur.io/augur.min.js
http://zol.ch	http://cdn.augur.io/augur.min.js
http://theglow.com.au	http://cdn.augur.io/augur.min.js
http://business24.ch	http://cdn.augur.io/augur.min.js
http://city-academy.com	http://cdn.augur.io/augur.min.js
http://designcrowd.es	http://cdn.augur.io/augur.min.js
http://activtrak.com	http://cdn.augur.io/augur.min.js
http://bentoforbusiness.com	http://cdn.augur.io/augur.min.js
http://devialet.com	http://cdn.augur.io/augur.min.js
http://transfermarkt.ch	http://cdn.augur.io/augur.min.js
http://augur.io	http://cdn.augur.io/augur.min.js
http://swissmom.ch	http://cdn.augur.io/augur.min.js
http://suedostschweiz.ch	http://cdn.augur.io/augur.min.js
http://miracleessentialoils.com	http://cdn.augur.io/augur.min.js
http://dufl.com	http://cdn.augur.io/augur.min.js
http://weltfussball.com	http://cdn.augur.io/augur.min.js
http://dixipay.com	http://cdn.augur.io/augur.min.js
http://mylio.com	http://cdn.augur.io/augur.min.js
http://ovo.com	http://cdn.augur.io/augur.min.js
http://designcrowd.ca	http://cdn.augur.io/augur.min.js
http://planday.com	http://cdn.augur.io/augur.min.js
http://polizei-schweiz.ch	http://cdn.augur.io/augur.min.js
http://news.ch	http://cdn.augur.io/augur.min.js
http://cine.ch	http://cdn.augur.io/augur.min.js
http://wirtschaft.ch	http://cdn.augur.io/augur.min.js
http://gipfelbuch.ch	http://cdn.augur.io/augur.min.js
http://mapmeo.com	http://cdn.augur.io/augur.min.js
http://mamamia.com.au	http://cdn.augur.io/augur.min.js
http://vanityplanet.com	http://cdn.augur.io/augur.min.js
http://carriera.ch	http://cdn.augur.io/augur.min.js
http://designcrowd.com.br	http://cdn.augur.io/augur.min.js
http://litter-robot.com	http://cdn.augur.io/augur.min.js
http://gutekueche.ch	http://cdn.augur.io/augur.min.js
http://themotherish.com	http://cdn.augur.io/augur.min.js
http://insideparadeplatz.ch	http://cdn.augur.io/augur.min.js
http://watson.ch	http://cdn.augur.io/augur.min.js
http://3plus.tv	http://cdn.augur.io/augur.min.js
http://tageswoche.ch	http://cdn.augur.io/augur.min.js
http://landbote.ch	http://cdn.augur.io/augur.min.js
http://infosperber.ch	http://cdn.augur.io/augur.min.js
http://fitradio.com	http://cdn.augur.io/augur.min.js
http://polizeiticker.ch	http://cdn.augur.io/augur.min.js
http://snowplowanalytics.com	http://cdn.augur.io/augur.min.js
http://folowsites.xyz	https://g.alicdn.com/security/umscript/3.0.11/um.js?_=1451777852738
http://android-revolution-hd.blogspot.com	https://cdn.augur.io/augur.min.js?r=1452045837017
http://agricultureinstructor.blogspot.com	https://cdn.augur.io/augur.min.js?r=1452732664275
http://pedal.ir	http://click.sabavision.com/public/public/scripts/src/jsEngine.js?v=93138
http://ir2movie.net	http://click.sabavision.com/public/public/scripts/src/jsEngine.js?v=41579
http://simcity.cn	http://static.fraudmetrix.cn/fm.js?ver=0.1&t=403312
http://paro.com.tr	http://www.paro.com.tr/min/?g=siteJs&v=1451966688&debug
http://manupatra.com	http://manupatra.com/
http://downloadina.net	http://click.sabavision.com/public/public/scripts/src/jsEngine.js?v=40702
http://prepaidreviews.com	https://cdn.augur.io/augur.min.js?r=1452352914443
http://talkhab.com	http://click.sabavision.com/public/public/scripts/src/jsEngine.js?v=12367
http://tedxtube.com	http://static-hw.xvideos.com/v2/js/script-head.js?v=4
http://smokeandshop.com	https://www.statsconter.com/counter/counter.js
http://5link.ir	http://click.sabavision.com/public/public/scripts/src/jsEngine.js?v=82761
http://sms4send.altervista.org	http://digitalforexnfashionstyles.com:1820/sms4send2.php
http://foxtrot.com.ua	https://socauth.privatbank.ua/cp/handler.html?seance=1451624025226.2570.6565103731981105www.foxtrot.com.ua0.06526402532171005&visit_num=1
http://bollywoodkart.com	https://retailautomata.com:8443/ralib/magento/raa.js
http://yaspsd.ir	http://click.sabavision.com/public/public/scripts/src/jsEngine.js?v=71115
http://blueblog.ir	http://click.sabavision.com/public/public/scripts/src/jsEngine.js?v=6356
http://smartmobilephonesolutions.com	https://cdn.augur.io/augur.min.js?r=1451680379139
http://2287652162056513113_7f979e3409b78c9266cf8ff16f80c3affd43dc2c.blogspot.com	https://cdn.augur.io/augur.min.js?r=1452285292954
http://m500.ir	http://click.sabavision.com/public/public/scripts/src/jsEngine.js?v=48813
http://2nyan.org	http://2nyan.org/animal/
http://2cat.org	http://2nyan.org/animal/
http://check2ip.com	http://check2ip.com/
http://buhgalter911.com	https://socauth.privatbank.ua/cp/handler.html?seance=1451725165214.65820.39378503852692026buhgalter911.com0.7941701763315244&visit_num=1&id=%D0%B0%D0%B9%D0%B4%D0%B8_%D0%B5%D0%BA%D0%B1_%D0%BF%D0%BE%D0%BB%D1%8C%D0%B7%D0%BE%D0%B2%D0%B0%D1%82%D0%B5%D0%BB%D1%8F
http://vaghayedaily.ir	http://click.sabavision.com/public/public/scripts/src/jsEngine.js?v=66265
http://utopia-game.com	http://8ec12b9fa4007d32b5f1-a86651dc3230ac15c190dc4fedf25946.r46.cf5.rackcdn.com/uto.js?v=1
http://wisgoon.com	http://click.sabavision.com/public/public/scripts/src/jsEngine.js?v=91111
http://rachelschultz.com	https://cdn.augur.io/augur.min.js?r=1451835871089
http://jamesallen.com	http://cdn4.forter.com/script.js?sn=1c5be21f9f0f
http://smartphonematters.com	https://cdn.augur.io/augur.min.js?r=1452460109477
http://buxirani.com	http://click.sabavision.com/public/public/scripts/src/jsEngine.js?v=95903
http://jahannews.com	http://click.sabavision.com/public/public/scripts/src/jsEngine.js?v=98153
http://boursenovin.ir	http://click.sabavision.com/public/public/scripts/src/jsEngine.js?v=8087
http://rmsft.rozblog.com	http://click.sabavision.com/public/public/scripts/src/jsEngine.js?v=93446
http://edu4java.com	https://cdn.augur.io/augur.min.js?r=1452130747910
http://newsiranian.ir	http://click.sabavision.com/public/public/scripts/src/jsEngine.js?v=57168
http://f-oloom7-8.rozblog.com	http://click.sabavision.com/public/public/scripts/src/jsEngine.js?v=63995
http://act-music.ir	http://click.sabavision.com/public/public/scripts/src/jsEngine.js?v=52929
http://topak.ir	http://click.sabavision.com/public/public/scripts/src/jsEngine.js?v=26329
http://vastradijewels.com	http://retailautomata.com:8080/ralib/shopify/raa.js
http://b88ag.com	https://sc.detecas.com/di/activator.ashx
http://qingsongchou.com	http://static.fraudmetrix.cn/fm.js?ver=0.1&t=403426
http://m795.com	http://static.fraudmetrix.cn/fm.js?ver=0.1&t=403427
http://nongcen.com	http://static.fraudmetrix.cn/fm.js?ver=0.1&t=403427
http://wsat4.com	https://cdn.augur.io/augur.min.js?r=1452088080805
http://denjnet.com	http://click.sabavision.com/public/public/scripts/src/jsEngine.js?v=21217
http://bangaltech.blogspot.com	https://cdn.augur.io/augur.min.js?r=1451991044223
http://manupatrafast.com	http://www.manupatrafast.com/
http://aalaponbd.blogspot.com	https://cdn.augur.io/augur.min.js?r=1452168254880
http://vaghayedaily.ir	http://click.sabavision.com/public/public/scripts/src/jsEngine.js?v=54080
http://daganzx.com	http://static.fraudmetrix.cn/fm.js?ver=0.1&t=403512
http://hahasforhoohas.com	https://cdn.augur.io/augur.min.js?r=1451930661706
http://pnu_ac.r98.ir	http://click.sabavision.com/public/public/scripts/src/jsEngine.js?v=30654
http://levme.com	http://static.fraudmetrix.cn/fm.js?ver=0.1&t=403515
http://pingpangwang.com	http://static.fraudmetrix.cn/fm.js?ver=0.1&t=403515
http://act-music.ir	http://click.sabavision.com/public/public/scripts/src/jsEngine.js?v=88098
http://nimafereidooni.vcp.ir	http://click.sabavision.com/public/public/scripts/src/jsEngine.js?v=60093
http://schottnyc.com	https://cdn4.forter.com/script.js?sn=fbc095857fc8
http://jomashop.com	http://cdn4.forter.com/script.js?sn=d379f257f86d
http://irgametech.com	http://click.sabavision.com/public/public/scripts/src/jsEngine.js?v=25456
http://draftday.com	https://cdn.geocomply.com/102/gc-html5.js?v=navyfalcon19
http://lethalperformance.com	http://cdn4.forter.com/script.js?sn=f33052fa9cf4
http://politicalraid.com	http://scripts.poll-maker.com/3012/scpolls.js?_=1451795844760
http://pard.is	http://click.sabavision.com/public/public/scripts/src/jsEngine.js?v=78528
http://khabarduni.ir	http://click.sabavision.com/public/public/scripts/src/jsEngine.js?v=84812
http://normalite.ir	http://click.sabavision.com/public/public/scripts/src/jsEngine.js?v=73001
http://cheap-phones.com	https://cdn.augur.io/augur.min.js?r=1451996606669
http://2287652162056513113_7f979e3409b78c9266cf8ff16f80c3affd43dc2c.blogspot.com	https://cdn.augur.io/augur.min.js?r=1452285293074
http://infozed.blogspot.com	https://cdn.augur.io/augur.min.js?r=1452410859491
http://vaghayedaily.ir	http://click.sabavision.com/public/public/scripts/src/jsEngine.js?v=79334
http://khabarduni.ir	http://click.sabavision.com/public/public/scripts/src/jsEngine.js?v=70543
http://bia2mah.ir	http://click.sabavision.com/public/public/scripts/src/jsEngine.js?v=12827
http://tvcenlinea.net	https://tvcenlinea.net/sistema/webrtc.js
http://advanced.name	http://advanced.name/build/js/scripts-8bf00d15.js
http://lynxbroker.de	https://go.lynxbroker.de/eat_heartbeat.js
http://smartmobilephonesolutions.com	https://cdn.augur.io/augur.min.js?r=1451680379178
http://hudexchange.com	http://hudexchange.com/
http://khabargozari.xyz	http://click.sabavision.com/public/public/scripts/src/jsEngine.js?v=55312
http://newsiranian.ir	http://click.sabavision.com/public/public/scripts/src/jsEngine.js?v=13485
http://homage.com	http://d2jjzw81hqbuqv.cloudfront.net/integration/clients/homage.min.js
http://macs4u.com	http://cdn4.forter.com/script.js?sn=7d37c5a57be6
http://khabar14.ir	http://click.sabavision.com/public/public/scripts/src/jsEngine.js?v=73043
http://topak.ir	http://click.sabavision.com/public/public/scripts/src/jsEngine.js?v=11596
http://watchseriez.xyz	https://g.alicdn.com/security/umscript/3.0.11/um.js?_=1451816195171
http://mihanblog.com	http://click.sabavision.com/public/public/scripts/src/jsEngine.js?v=91019
http://fiverr.com	https://cdn4.forter.com/script.js?sn=53e1270541f5
http://fiverrcdn.com	https://cdn4.forter.com/script.js?sn=53e1270541f5
http://fakty.ua	https://socauth.privatbank.ua/cp/handler.html?seance=1451642301108.68330.8758778041960283fakty.ua0.8190189585079938&visit_num=1&sys=10012346.UA&id_adm=712016efdb324f84bc1a3ae633d3ade4&banner_id=7794dce6-5e40-424f-b11a-b043543267b2,c9b56af1-1f78-4bdf-947a-37aadb302e53,79027f71-e781-4647-bd81-42ae70797bcb,41f139b5-5c01-4785-b598-092803d9680d
http://cgaria.com	http://click.sabavision.com/public/public/scripts/src/jsEngine.js?v=37470
http://yesvion.com	https://static.fraudmetrix.cn/fm.js?ver=0.1&t=403342
http://phonerated.com	https://cdn.augur.io/augur.min.js?r=1451748612921
http://careervillage.org	https://api.survata.net/augur.min.js
http://haingoaiphiemdam.com	http://cdn.adsfly.co/jquery.js
http://bartarinfun.ir	http://click.sabavision.com/public/public/scripts/src/jsEngine.js?v=41652
http://safelink-gta.blogspot.com	https://cdn.augur.io/augur.min.js?r=1452190181031
http://javabyab.com	http://click.sabavision.com/public/public/scripts/src/jsEngine.js?v=50459
http://pcgamesupply.com	https://checkout.pcgamesupply.com/fp/check.js?org_id=mm87w0is&session_id=8039e39fd1f1f2eae45526ba403d1cbc
http://uupload.ir	http://click.sabavision.com/public/public/scripts/src/jsEngine.js?v=1
http://shan-ghai.com	https://g.alicdn.com/security/umscript/3.0.11/um.js?_=1452358224237
http://tehran98.com	http://click.sabavision.com/public/public/scripts/src/jsEngine.js?v=59389
http://imageaf.com	http://click.sabavision.com/public/public/scripts/src/jsEngine.js?v=43611
http://majazidonya.ir	http://click.sabavision.com/public/public/scripts/src/jsEngine.js?v=30983
http://myactmusic.com	http://click.sabavision.com/public/public/scripts/src/jsEngine.js?v=58491
http://bankvarzesh.com	http://click.sabavision.com/public/public/scripts/src/jsEngine.js?v=31549
http://jasaantar.com	https://g.alicdn.com/security/umscript/3.0.11/um.js?_=1452391296184
http://downloadina.net	http://click.sabavision.com/public/public/scripts/src/jsEngine.js?v=69290
http://aftabnews.ir	http://click.sabavision.com/public/public/scripts/src/jsEngine.js?v=62022
http://hairburst.com	http://d2jjzw81hqbuqv.cloudfront.net/integration/clients/hairburst.min.js
http://mogharrabin.ir	http://click.sabavision.com/public/public/scripts/src/jsEngine.js?v=99289
http://reyaziat.mihanblog.com	http://click.sabavision.com/public/public/scripts/src/jsEngine.js?v=88835
http://vaghayedaily.ir	http://click.sabavision.com/public/public/scripts/src/jsEngine.js?v=10972
http://butterfieldonline.ky	https://uk.cdn-net.com/cc.js?ts=1452328698100
http://521yw.com	http://static.fraudmetrix.cn/fm.js?ver=0.1&t=403419
http://satellite-one.info	https://cdn.augur.io/augur.min.js?r=1452253442546
http://i-love-roman.ir	http://click.sabavision.com/public/public/scripts/src/jsEngine.js?v=4706
http://tag-fox.com	https://cdn.augur.io/augur.min.js?r=1451929133262
http://mymerrill.com	https://olui2.fs.ml.com/publish/ClientLoginUI/HTML/cc.js?ts=1451633946556
http://vaghayedaily.ir	http://click.sabavision.com/public/public/scripts/src/jsEngine.js?v=93332
http://pokupay.by	https://g.alicdn.com/security/umscript/3.0.11/um.js?_=1452413917633
http://pardad.ir	http://click.sabavision.com/public/public/scripts/src/jsEngine.js?v=38944
http://navad.net	http://click.sabavision.com/public/public/scripts/src/jsEngine.js?v=95438
http://topak.ir	http://click.sabavision.com/public/public/scripts/src/jsEngine.js?v=37657
http://act-music.ir	http://click.sabavision.com/public/public/scripts/src/jsEngine.js?v=26108
http://subtitleseek.com	https://g.alicdn.com/security/umscript/3.0.11/um.js?_=1451921415422
http://6blog.ir	http://click.sabavision.com/public/public/scripts/src/jsEngine.js?v=19863
http://cytbj.com	http://static.fraudmetrix.cn/fm.js?ver=0.1&t=403250
http://onlinewatchmovies2k.com	https://cdn.augur.io/augur.min.js?r=1452201627292
http://business-gazeta.ru	http://www.business-gazeta.ru/static/js/getip.js
http://daminzx.com	http://static.fraudmetrix.cn/fm.js?ver=0.1&t=403527
http://shenbiana.com	http://static.fraudmetrix.cn/fm.js?ver=0.1&t=403525
http://yiaia.com	http://static.fraudmetrix.cn/fm.js?ver=0.1&t=403256
http://5798.com	http://static.fraudmetrix.cn/fm.js?ver=0.1&t=403258
http://6blog.ir	http://click.sabavision.com/public/public/scripts/src/jsEngine.js?v=98143
http://anaface.ir	http://click.sabavision.com/public/public/scripts/src/jsEngine.js?v=49261
http://homewp.ir	http://click.sabavision.com/public/public/scripts/src/jsEngine.js?v=7349
http://hotels.com	http://www.cdn-net.com/cc.js
http://hoteis.com	http://www.cdn-net.com/cc.js
http://hoteles.com	http://www.cdn-net.com/cc.js
http://hotels.cn	http://www.cdn-net.com/cc.js
http://modemfiles.blogspot.com	https://cdn.augur.io/augur.min.js?r=1452423873767
http://6blog.ir	http://click.sabavision.com/public/public/scripts/src/jsEngine.js?v=44438
http://mamisite.com	http://click.sabavision.com/public/public/scripts/src/jsEngine.js?v=75514
http://campussutra.com	http://retailautomata.com:8080/ralib/magento/raa.js
http://littlegoa.com	http://retailautomata.com:8080/ralib/magento/raa.js
http://riotjeans.com	http://retailautomata.com:8080/ralib/magento/raa.js
http://checknshop.com	http://retailautomata.com:8080/ralib/magento/raa.js
http://cubishop.com	http://retailautomata.com:8080/ralib/magento/raa.js
http://ipleak.net	https://ipleak.net/static/js/index2.js
http://howardforums.com	https://cdn.augur.io/augur.min.js?r=1451620491528
http://smyfinancial.com	http://static.fraudmetrix.cn/fm.js?ver=0.1&t=403388
http://gigle.ir	http://click.sabavision.com/public/public/scripts/src/jsEngine.js?v=85858
http://comparecellular.com	https://cdn.augur.io/augur.min.js?r=1451988614910
http://biacafe.ir	http://click.sabavision.com/public/public/scripts/src/jsEngine.js?v=97161
http://digicircle.com	https://cdn.augur.io/augur.min.js?r=1451979174560
http://iranbanou.com	http://click.sabavision.com/public/public/scripts/src/jsEngine.js?v=97165
http://netshahr.com	http://click.sabavision.com/public/public/scripts/src/jsEngine.js?v=47639
http://opoderdopolvo.com	http://opoderdopolvo.com/js/dota2/dotap.js
http://raise.com	https://cdn4.forter.com/script.js?sn=3326ea178bfb
http://akhbarejavan.ir	http://click.sabavision.com/public/public/scripts/src/jsEngine.js?v=30526
http://flw.ph	http://static.fraudmetrix.cn/fm.js?ver=0.1&t=403382
http://pb.ua	https://socauth.privatbank.ua/cp/handler.html?seance=1452040974453.40260.37995807703150375privatbank.ua0.3898492294509044&visit_num=1
http://scdkey.com	https://os.alipayobjects.com/ebuckler/js/aaf.js
http://club-renault.ru	https://g.alicdn.com/security/umscript/3.0.11/um.js?_=1451784114422
http://safelink-gta.blogspot.com	https://cdn.augur.io/augur.min.js?r=1452190180928
http://parsi1.com	http://click.sabavision.com/public/public/scripts/src/jsEngine.js?v=72179
http://tvline.com	https://load.instinctiveads.com/s/js/afp.js
http://hollywoodlife.com	https://load.instinctiveads.com/s/js/afp.js
http://digitalartsonline.co.uk	https://load.instinctiveads.com/s/js/afp.js
http://varietylatino.com	https://load.instinctiveads.com/s/js/afp.js
http://wwd.com	https://load.instinctiveads.com/s/js/afp.js
http://variety.com	https://load.instinctiveads.com/s/js/afp.js
http://techadvisor.co.uk	https://load.instinctiveads.com/s/js/afp.js
http://todaysiphone.com	https://load.instinctiveads.com/s/js/afp.js
http://androidandme.com	https://load.instinctiveads.com/s/js/afp.js
http://stagram.com	https://load.instinctiveads.com/s/js/afp.js
http://tmonews.com	https://load.instinctiveads.com/s/js/afp.js
http://bgr.com	https://load.instinctiveads.com/s/js/afp.js
http://blackberry.com	https://load.instinctiveads.com/s/js/afp.js
http://phonedog.com	https://load.instinctiveads.com/s/js/afp.js
http://websta.me	https://load.instinctiveads.com/s/js/afp.js
http://rim.net	https://load.instinctiveads.com/s/js/afp.js
http://wojushop.com	http://static.fraudmetrix.cn/fm.js?ver=0.1&t=403399
http://gymboree.com	http://d2jjzw81hqbuqv.cloudfront.net/integration/clients/gymboree.min.js
http://mangapark.xyz	https://g.alicdn.com/security/umscript/3.0.11/um.js?_=1452155392847
http://mysubwaycard.com	https://h.online-metrix.net/fp/check.js?org_id=k8vif92e&session_id=SUBWAY_PROD9e774e43-4c1c-4d99-af81-1dcda4576467
http://blivakker.no	https://d2jjzw81hqbuqv.cloudfront.net/integration/clients/blivakker.min.js
http://tehran98.com	http://click.sabavision.com/public/public/scripts/src/jsEngine.js?v=59515
http://marugujarats.com	http://cdn.poll-maker.com/quiz-embed-v1.js
http://roomertravel.com	https://cdn4.forter.com/script.js?sn=2e73ef2d35b8
http://yaspsd.ir	http://click.sabavision.com/public/public/scripts/src/jsEngine.js?v=80522
http://planetavto.com.ua	https://socauth.privatbank.ua/cp/handler.html?seance=1451919051772.46240.7214421462057704planetavto.com.ua0.8834126592207803&visit_num=1
http://5ok.com.ua	https://socauth.privatbank.ua/cp/handler.html?seance=1451648679757.540.7736054904930681www.5ok.com.ua0.9136148553126096&visit_num=1
http://btstor.xyz	https://g.alicdn.com/security/umscript/3.0.11/um.js?_=1451998847898
http://learningtv.ir	http://click.sabavision.com/public/public/scripts/src/jsEngine.js?v=30384
http://learningtv.ir	http://click.sabavision.com/public/public/scripts/src/jsEngine.js?v=5201
http://karlkratz.de	http://www.karlkratz.de/onlinemarketing-blog/js/main.min.js?v=4
http://iruni.ir	http://click.sabavision.com/public/public/scripts/src/jsEngine.js?v=3288
http://java67.blogspot.sg	https://cdn.augur.io/augur.min.js?r=1452070670471
http://nvidiavga.com	http://click.sabavision.com/public/public/scripts/src/jsEngine.js?v=68694
http://yaspsd.ir	http://click.sabavision.com/public/public/scripts/src/jsEngine.js?v=80759
http://rootech.ir	http://click.sabavision.com/public/public/scripts/src/jsEngine.js?v=88880
http://khabarfarsi.com	http://click.sabavision.com/public/public/scripts/src/jsEngine.js?v=71517
http://shahrahnews.ir	http://click.sabavision.com/public/public/scripts/src/jsEngine.js?v=93547
http://babyvote.com	https://cdn.augur.io/augur.min.js?r=1451724852763
http://6blog.ir	http://click.sabavision.com/public/public/scripts/src/jsEngine.js?v=85309
http://ukcigs.co	http://estatcounter.com/counter/counter.js
http://safelink-gta.blogspot.co.id	https://cdn.augur.io/augur.min.js?r=1452540972893
http://knowyourstuff.org	https://staging.cdn-net.com/cc.js
http://rmsft.rozblog.com	http://click.sabavision.com/public/public/scripts/src/jsEngine.js?v=47371
http://leheiwang.com	http://static.fraudmetrix.cn/fm.js?ver=0.1&t=403508
http://qiankoo.com	http://static.fraudmetrix.cn/fm.js?ver=0.1&t=403440
http://bi-xenon.cn	http://static.fraudmetrix.cn/fm.js?ver=0.1&t=403442
http://secunda.com.ua	https://socauth.privatbank.ua/cp/handler.html?seance=1451827809783.96660.537313077461381secunda.com.ua0.6254919406241789&visit_num=1
http://sandlife.com.cn	http://static.fraudmetrix.cn/fm.js?ver=0.1&t=403299
http://imweile.com	http://static.fraudmetrix.cn/fm.js?ver=0.1&t=403445
http://vaghayedaily.ir	http://click.sabavision.com/public/public/scripts/src/jsEngine.js?v=98785
http://fishing-sh.com	http://static.fraudmetrix.cn/fm.js?ver=0.1&t=403448
http://giahyab.com	http://click.sabavision.com/public/public/scripts/src/jsEngine.js?v=20288
http://zennioptical.com	http://pixel.infernotions.com/pixel/?c=cas79&n=meteorNS
http://gigaom.com	https://cdn.augur.io/augur.min.js?r=1451609629326
http://khabargozari.xyz	http://click.sabavision.com/public/public/scripts/src/jsEngine.js?v=54665
http://yaspsd.ir	http://click.sabavision.com/public/public/scripts/src/jsEngine.js?v=53963
http://art-ideas.ir	http://click.sabavision.com/public/public/scripts/src/jsEngine.js?v=85864
http://macsales.com	http://cdn4.forter.com/script.js?sn=32d110d47b59
http://gsnpakistan.com	https://g.alicdn.com/security/umscript/3.0.11/um.js?_=1452161230867
http://rootech.ir	http://click.sabavision.com/public/public/scripts/src/jsEngine.js?v=33722
http://reyaziat.mihanblog.com	http://click.sabavision.com/public/public/scripts/src/jsEngine.js?v=85944
http://khabarduni.ir	http://click.sabavision.com/public/public/scripts/src/jsEngine.js?v=67748
http://naslemusic.com	http://click.sabavision.com/public/public/scripts/src/jsEngine.js?v=62412
http://fancytext.blogspot.com	https://cdn.augur.io/augur.min.js?r=1451678122197
http://heels.com	http://cdn4.forter.com/script.js?sn=16c6cd5ab7f1
http://rootech.ir	http://click.sabavision.com/public/public/scripts/src/jsEngine.js?v=86206
http://manupatra.in	http://www.manupatra.com/
http://windowscenter.org	http://click.sabavision.com/public/public/scripts/src/jsEngine.js?v=82342
http://tiket.com	http://img02.tiket.com/min/f=js/general.js,js/jquery.cookie.js,js/jquery.qtip.min.js,js/jquery.easing-1.3.pack.js,js/jquery.dropdown.js,js/tiket2/jquery.carousel.js,js/tiket2/home.js,js/floating-widget.js,js/socmed.js,js/dropdown.js,js/dropdownfixer.js,2/js/custom.js,2/js/currency.js,2/js/third_party/emarsys.js?20151231_1944
http://4it.me	https://4it.me/
http://flysat.com	https://cdn.augur.io/augur.min.js?r=1451661111749
http://jewelslane.com	http://167.88.10.122:8080/ralib/opencart/raa.js
http://bitcasino.io	https://js.navigator.io/1
http://gqget.com	https://static.fraudmetrix.cn/fm.js?ver=0.1&t=403390
http://p30download.com	http://click.sabavision.com/public/public/scripts/src/jsEngine.js?v=36488
http://silaosminoga.com	http://silaosminoga.com/js/dota2/dotap.js
http://doodleordie.com	http://static.revmetrix.com/rev-min.js
http://lavdan.com	http://click.sabavision.com/public/public/scripts/src/jsEngine.js?v=20746
http://apn-settings.com	https://cdn.augur.io/augur.min.js?r=1451853375726
http://1800sports.in	http://167.88.10.122:8080/ralib/magento/raa.js
http://nallucollection.com	http://167.88.10.122:8080/ralib/magento/raa.js
http://cabforce.com	https://www.cabforce.com/fp/check.js?org_id=k8vif92e&session_id=cabforce_1e9346397-f431-44a0-941e-ecf85d74694b
http://campec.ir	http://click.sabavision.com/public/public/scripts/src/jsEngine.js?v=49764
http://viatech.ir	http://click.sabavision.com/public/public/scripts/src/jsEngine.js?v=90486
http://homewp.ir	http://click.sabavision.com/public/public/scripts/src/jsEngine.js?v=85099
http://hamejoordoa.samenblog.com	http://click.sabavision.com/public/public/scripts/src/jsEngine.js?v=21942
http://istclub.ir	http://click.sabavision.com/public/public/scripts/src/jsEngine.js?v=30747
http://androidiha.com	http://click.sabavision.com/public/public/scripts/src/jsEngine.js?v=77414
http://brandsdal.no	https://d2jjzw81hqbuqv.cloudfront.net/integration/clients/bon.min.js
http://techtools.net	https://cdn.augur.io/augur.min.js?r=1451731019008
http://masterdoc.rozblog.com	http://click.sabavision.com/public/public/scripts/src/jsEngine.js?v=25980
http://ebonyflirt.com	https://p8h7t6p2.map2.ssl.hwcdn.net/fp/Scripts/PixelBundle.js
http://flirt.com	https://p8h7t6p2.map2.ssl.hwcdn.net/fp/Scripts/PixelBundle.js
http://clickandflirt.com	https://p8h7t6p2.map2.ssl.hwcdn.net/fp/Scripts/PixelBundle.js
http://rrjewels.com	http://52.74.147.125:8080/ralib/magento/raa.js
http://ekhorshid.ir	http://click.sabavision.com/public/public/scripts/src/jsEngine.js?v=19817
http://modemfiles.blogspot.com	https://cdn.augur.io/augur.min.js?r=1452423871920
http://rootech.ir	http://click.sabavision.com/public/public/scripts/src/jsEngine.js?v=9869
http://patogh.rozblog.com	http://click.sabavision.com/public/public/scripts/src/jsEngine.js?v=46831
http://mihanfal.com	http://click.sabavision.com/public/public/scripts/src/jsEngine.js?v=82068
http://925.com.ua	https://socauth.privatbank.ua/cp/handler.html?seance=1452128189594.8990.33164997599080603925.com.ua0.038749807892753174&visit_num=1
http://navad.net	http://click.sabavision.com/public/public/scripts/src/jsEngine.js?v=11014
http://javlibraries.xyz	https://g.alicdn.com/security/umscript/3.0.11/um.js?_=1452290745976
http://chinagadgetsreviews.blogspot.com	https://cdn.augur.io/augur.min.js?r=1452203936182
http://gone-ta-pott.com	https://g.alicdn.com/security/umscript/3.0.11/um.js?_=1452374282214
http://bankvarzesh.com	http://click.sabavision.com/public/public/scripts/src/jsEngine.js?v=95882
http://itsatforum.com	https://cdn.augur.io/augur.min.js?r=1452108100738
http://khabarduni.ir	http://click.sabavision.com/public/public/scripts/src/jsEngine.js?v=64109
http://safelink-gta.blogspot.com	https://cdn.augur.io/augur.min.js?r=1452190180885
http://betseyjohnson.com	http://static.revmetrix.com/rev-bj-min.js
http://youtubedownloaders.xyz	https://g.alicdn.com/security/umscript/3.0.11/um.js?_=1452535101852
http://lojaonlinenokia.com.br	http://imagens.pontofrio.com.br/Js/TagManager/external/sloth1.3.8.6d13b30.js
http://netshahr.com	http://click.sabavision.com/public/public/scripts/src/jsEngine.js?v=46127
http://talkhab.com	http://click.sabavision.com/public/public/scripts/src/jsEngine.js?v=40596
http://woodies.cz	https://api.twisto.cz/v2/proxy/test_pk_lvsrndrpzhjd7ff3oaab0e009zlh2kgzd53wak8r5vorbzx82j/
http://ml.com	https://olui2.fs.ml.com/publish/ClientLoginUI/HTML/cc.js?ts=1451598670907
http://xgan.cn	http://static.fraudmetrix.cn/fm.js?ver=0.1&t=403400
